ID,CODE,URL,LANGUAGE,DELETE?
1,unccd_0,https://qcat.wocat.net/en/unccd/view/unccd_0,en,X
2,unccd_1,https://qcat.wocat.net/en/unccd/view/unccd_1,en,
3,unccd_2,https://qcat.wocat.net/en/unccd/view/unccd_2,en,
4,unccd_3,https://qcat.wocat.net/en/unccd/view/unccd_3,en,
5,unccd_4,https://qcat.wocat.net/en/unccd/view/unccd_4,en,
6,unccd_5,https://qcat.wocat.net/en/unccd/view/unccd_5,en,
7,unccd_6,https://qcat.wocat.net/en/unccd/view/unccd_6,en,
8,unccd_7,https://qcat.wocat.net/en/unccd/view/unccd_7,en,
9,unccd_8,https://qcat.wocat.net/en/unccd/view/unccd_8,ru,
10,unccd_9,https://qcat.wocat.net/en/unccd/view/unccd_9,ru,
11,unccd_10,https://qcat.wocat.net/en/unccd/view/unccd_10,en,
12,unccd_11,https://qcat.wocat.net/en/unccd/view/unccd_11,ru,X
13,unccd_12,https://qcat.wocat.net/en/unccd/view/unccd_12,en,
14,unccd_13,https://qcat.wocat.net/en/unccd/view/unccd_13,ar,
15,unccd_14,https://qcat.wocat.net/en/unccd/view/unccd_14,ar,
16,unccd_15,https://qcat.wocat.net/en/unccd/view/unccd_15,en,
17,unccd_16,https://qcat.wocat.net/en/unccd/view/unccd_16,en,
18,unccd_17,https://qcat.wocat.net/en/unccd/view/unccd_17,en,
19,unccd_18,https://qcat.wocat.net/en/unccd/view/unccd_18,en,
20,unccd_19,https://qcat.wocat.net/en/unccd/view/unccd_19,ar,
21,unccd_20,https://qcat.wocat.net/en/unccd/view/unccd_20,en,
22,unccd_21,https://qcat.wocat.net/en/unccd/view/unccd_21,en,
23,unccd_22,https://qcat.wocat.net/en/unccd/view/unccd_22,en,
24,unccd_23,https://qcat.wocat.net/en/unccd/view/unccd_23,en,
25,unccd_24,https://qcat.wocat.net/en/unccd/view/unccd_24,fr,
26,unccd_25,https://qcat.wocat.net/en/unccd/view/unccd_25,fr,
27,unccd_26,https://qcat.wocat.net/en/unccd/view/unccd_26,fr,
28,unccd_27,https://qcat.wocat.net/en/unccd/view/unccd_27,fr,
29,unccd_28,https://qcat.wocat.net/en/unccd/view/unccd_28,fr,
30,unccd_29,https://qcat.wocat.net/en/unccd/view/unccd_29,en,X
31,unccd_30,https://qcat.wocat.net/en/unccd/view/unccd_30,es,
32,unccd_31,https://qcat.wocat.net/en/unccd/view/unccd_31,es,
33,unccd_32,https://qcat.wocat.net/en/unccd/view/unccd_32,es,
34,unccd_33,https://qcat.wocat.net/en/unccd/view/unccd_33,es,
35,unccd_34,https://qcat.wocat.net/en/unccd/view/unccd_34,es,
36,unccd_35,https://qcat.wocat.net/en/unccd/view/unccd_35,es,
37,unccd_36,https://qcat.wocat.net/en/unccd/view/unccd_36,es,
38,unccd_37,https://qcat.wocat.net/en/unccd/view/unccd_37,es,
39,unccd_38,https://qcat.wocat.net/en/unccd/view/unccd_38,es,
40,unccd_39,https://qcat.wocat.net/en/unccd/view/unccd_39,es,
41,unccd_40,https://qcat.wocat.net/en/unccd/view/unccd_40,es,
42,unccd_41,https://qcat.wocat.net/en/unccd/view/unccd_41,en,
43,unccd_42,https://qcat.wocat.net/en/unccd/view/unccd_42,en,
44,unccd_43,https://qcat.wocat.net/en/unccd/view/unccd_43,en,
45,unccd_44,https://qcat.wocat.net/en/unccd/view/unccd_44,en,
46,unccd_45,https://qcat.wocat.net/en/unccd/view/unccd_45,en,
47,unccd_46,https://qcat.wocat.net/en/unccd/view/unccd_46,en,
48,unccd_47,https://qcat.wocat.net/en/unccd/view/unccd_47,fr,
49,unccd_48,https://qcat.wocat.net/en/unccd/view/unccd_48,fr,X
50,unccd_49,https://qcat.wocat.net/en/unccd/view/unccd_49,en,
51,unccd_50,https://qcat.wocat.net/en/unccd/view/unccd_50,en,
52,unccd_51,https://qcat.wocat.net/en/unccd/view/unccd_51,en,
53,unccd_52,https://qcat.wocat.net/en/unccd/view/unccd_52,en,X
54,unccd_53,https://qcat.wocat.net/en/unccd/view/unccd_53,en,X
55,unccd_54,https://qcat.wocat.net/en/unccd/view/unccd_54,en,X
56,unccd_55,https://qcat.wocat.net/en/unccd/view/unccd_55,ar,
57,unccd_56,https://qcat.wocat.net/en/unccd/view/unccd_56,en,
58,unccd_57,https://qcat.wocat.net/en/unccd/view/unccd_57,es,
59,unccd_58,https://qcat.wocat.net/en/unccd/view/unccd_58,es,
60,unccd_59,https://qcat.wocat.net/en/unccd/view/unccd_59,es,
61,unccd_60,https://qcat.wocat.net/en/unccd/view/unccd_60,es,
62,unccd_61,https://qcat.wocat.net/en/unccd/view/unccd_61,es,
63,unccd_62,https://qcat.wocat.net/en/unccd/view/unccd_62,es,
64,unccd_63,https://qcat.wocat.net/en/unccd/view/unccd_63,es,
65,unccd_64,https://qcat.wocat.net/en/unccd/view/unccd_64,es,
66,unccd_65,https://qcat.wocat.net/en/unccd/view/unccd_65,es,
67,unccd_66,https://qcat.wocat.net/en/unccd/view/unccd_66,en,
68,unccd_67,https://qcat.wocat.net/en/unccd/view/unccd_67,en,
69,unccd_68,https://qcat.wocat.net/en/unccd/view/unccd_68,en,
70,unccd_69,https://qcat.wocat.net/en/unccd/view/unccd_69,en,
71,unccd_70,https://qcat.wocat.net/en/unccd/view/unccd_70,en,
72,unccd_71,https://qcat.wocat.net/en/unccd/view/unccd_71,en,
73,unccd_72,https://qcat.wocat.net/en/unccd/view/unccd_72,fr,
74,unccd_73,https://qcat.wocat.net/en/unccd/view/unccd_73,fr,
75,unccd_74,https://qcat.wocat.net/en/unccd/view/unccd_74,ar,
76,unccd_75,https://qcat.wocat.net/en/unccd/view/unccd_75,fr,
77,unccd_76,https://qcat.wocat.net/en/unccd/view/unccd_76,fr,
78,unccd_77,https://qcat.wocat.net/en/unccd/view/unccd_77,fr,
79,unccd_78,https://qcat.wocat.net/en/unccd/view/unccd_78,fr,
80,unccd_79,https://qcat.wocat.net/en/unccd/view/unccd_79,fr,
81,unccd_80,https://qcat.wocat.net/en/unccd/view/unccd_80,fr,
82,unccd_81,https://qcat.wocat.net/en/unccd/view/unccd_81,fr,
83,unccd_82,https://qcat.wocat.net/en/unccd/view/unccd_82,fr,
84,unccd_83,https://qcat.wocat.net/en/unccd/view/unccd_83,fr,
85,unccd_84,https://qcat.wocat.net/en/unccd/view/unccd_84,fr,
86,unccd_85,https://qcat.wocat.net/en/unccd/view/unccd_85,fr,
87,unccd_86,https://qcat.wocat.net/en/unccd/view/unccd_86,fr,
88,unccd_87,https://qcat.wocat.net/en/unccd/view/unccd_87,fr,
89,unccd_88,https://qcat.wocat.net/en/unccd/view/unccd_88,es,
90,unccd_89,https://qcat.wocat.net/en/unccd/view/unccd_89,es,
91,unccd_90,https://qcat.wocat.net/en/unccd/view/unccd_90,en,
92,unccd_91,https://qcat.wocat.net/en/unccd/view/unccd_91,fr,
93,unccd_92,https://qcat.wocat.net/en/unccd/view/unccd_92,fr,
94,unccd_93,https://qcat.wocat.net/en/unccd/view/unccd_93,fr,
95,unccd_94,https://qcat.wocat.net/en/unccd/view/unccd_94,ar,X
96,unccd_95,https://qcat.wocat.net/en/unccd/view/unccd_95,ar,X
97,unccd_96,https://qcat.wocat.net/en/unccd/view/unccd_96,fr,
98,unccd_97,https://qcat.wocat.net/en/unccd/view/unccd_97,en,X
99,unccd_98,https://qcat.wocat.net/en/unccd/view/unccd_98,ru,X
100,unccd_99,https://qcat.wocat.net/en/unccd/view/unccd_99,en,X
101,unccd_100,https://qcat.wocat.net/en/unccd/view/unccd_100,fr,
102,unccd_101,https://qcat.wocat.net/en/unccd/view/unccd_101,fr,
103,unccd_102,https://qcat.wocat.net/en/unccd/view/unccd_102,fr,
104,unccd_103,https://qcat.wocat.net/en/unccd/view/unccd_103,fr,
105,unccd_104,https://qcat.wocat.net/en/unccd/view/unccd_104,fr,
106,unccd_105,https://qcat.wocat.net/en/unccd/view/unccd_105,fr,
107,unccd_106,https://qcat.wocat.net/en/unccd/view/unccd_106,en,
108,unccd_107,https://qcat.wocat.net/en/unccd/view/unccd_107,en,
109,unccd_108,https://qcat.wocat.net/en/unccd/view/unccd_108,en,X
110,unccd_109,https://qcat.wocat.net/en/unccd/view/unccd_109,fr,
111,unccd_110,https://qcat.wocat.net/en/unccd/view/unccd_110,en,
112,unccd_111,https://qcat.wocat.net/en/unccd/view/unccd_111,en,
113,unccd_112,https://qcat.wocat.net/en/unccd/view/unccd_112,ru,
114,unccd_113,https://qcat.wocat.net/en/unccd/view/unccd_113,ru,
115,unccd_114,https://qcat.wocat.net/en/unccd/view/unccd_114,en,
116,unccd_115,https://qcat.wocat.net/en/unccd/view/unccd_115,ru,
117,unccd_116,https://qcat.wocat.net/en/unccd/view/unccd_116,ru,
118,unccd_117,https://qcat.wocat.net/en/unccd/view/unccd_117,en,
119,unccd_118,https://qcat.wocat.net/en/unccd/view/unccd_118,en,
120,unccd_119,https://qcat.wocat.net/en/unccd/view/unccd_119,en,
121,unccd_120,https://qcat.wocat.net/en/unccd/view/unccd_120,en,
122,unccd_121,https://qcat.wocat.net/en/unccd/view/unccd_121,en,
123,unccd_122,https://qcat.wocat.net/en/unccd/view/unccd_122,en,
124,unccd_123,https://qcat.wocat.net/en/unccd/view/unccd_123,en,
125,unccd_124,https://qcat.wocat.net/en/unccd/view/unccd_124,en,
126,unccd_125,https://qcat.wocat.net/en/unccd/view/unccd_125,ar,
127,unccd_126,https://qcat.wocat.net/en/unccd/view/unccd_126,ar,
128,unccd_127,https://qcat.wocat.net/en/unccd/view/unccd_127,en,X
129,unccd_128,https://qcat.wocat.net/en/unccd/view/unccd_128,en,
130,unccd_129,https://qcat.wocat.net/en/unccd/view/unccd_129,en,X
131,unccd_130,https://qcat.wocat.net/en/unccd/view/unccd_130,en,
132,unccd_131,https://qcat.wocat.net/en/unccd/view/unccd_131,en,
133,unccd_132,https://qcat.wocat.net/en/unccd/view/unccd_132,en,
134,unccd_133,https://qcat.wocat.net/en/unccd/view/unccd_133,en,
135,unccd_134,https://qcat.wocat.net/en/unccd/view/unccd_134,en,
136,unccd_135,https://qcat.wocat.net/en/unccd/view/unccd_135,en,
137,unccd_136,https://qcat.wocat.net/en/unccd/view/unccd_136,en,
138,unccd_137,https://qcat.wocat.net/en/unccd/view/unccd_137,en,
139,unccd_138,https://qcat.wocat.net/en/unccd/view/unccd_138,en,
140,unccd_139,https://qcat.wocat.net/en/unccd/view/unccd_139,en,
141,unccd_140,https://qcat.wocat.net/en/unccd/view/unccd_140,ru,
142,unccd_141,https://qcat.wocat.net/en/unccd/view/unccd_141,pt,
143,unccd_142,https://qcat.wocat.net/en/unccd/view/unccd_142,pt,
144,unccd_143,https://qcat.wocat.net/en/unccd/view/unccd_143,pt,
145,unccd_144,https://qcat.wocat.net/en/unccd/view/unccd_144,en,
146,unccd_145,https://qcat.wocat.net/en/unccd/view/unccd_145,en,
147,unccd_146,https://qcat.wocat.net/en/unccd/view/unccd_146,fr,
148,unccd_147,https://qcat.wocat.net/en/unccd/view/unccd_147,en,
149,unccd_148,https://qcat.wocat.net/en/unccd/view/unccd_148,en,X
150,unccd_149,https://qcat.wocat.net/en/unccd/view/unccd_149,es,
151,unccd_150,https://qcat.wocat.net/en/unccd/view/unccd_150,en,
152,unccd_151,https://qcat.wocat.net/en/unccd/view/unccd_151,fr,
153,unccd_152,https://qcat.wocat.net/en/unccd/view/unccd_152,fr,
154,unccd_153,https://qcat.wocat.net/en/unccd/view/unccd_153,es,
155,unccd_154,https://qcat.wocat.net/en/unccd/view/unccd_154,es,
156,unccd_155,https://qcat.wocat.net/en/unccd/view/unccd_155,pt,
157,unccd_156,https://qcat.wocat.net/en/unccd/view/unccd_156,en,
158,unccd_157,https://qcat.wocat.net/en/unccd/view/unccd_157,es,
159,unccd_158,https://qcat.wocat.net/en/unccd/view/unccd_158,es,
160,unccd_159,https://qcat.wocat.net/en/unccd/view/unccd_159,es,
161,unccd_160,https://qcat.wocat.net/en/unccd/view/unccd_160,es,
162,unccd_161,https://qcat.wocat.net/en/unccd/view/unccd_161,es,
163,unccd_162,https://qcat.wocat.net/en/unccd/view/unccd_162,en,
164,unccd_163,https://qcat.wocat.net/en/unccd/view/unccd_163,en,
165,unccd_164,https://qcat.wocat.net/en/unccd/view/unccd_164,fr,
166,unccd_165,https://qcat.wocat.net/en/unccd/view/unccd_165,en,
167,unccd_166,https://qcat.wocat.net/en/unccd/view/unccd_166,en,X
168,unccd_167,https://qcat.wocat.net/en/unccd/view/unccd_167,es,
169,unccd_168,https://qcat.wocat.net/en/unccd/view/unccd_168,es,
170,unccd_169,https://qcat.wocat.net/en/unccd/view/unccd_169,es,
171,unccd_170,https://qcat.wocat.net/en/unccd/view/unccd_170,en,
172,unccd_171,https://qcat.wocat.net/en/unccd/view/unccd_171,en,
173,unccd_172,https://qcat.wocat.net/en/unccd/view/unccd_172,fr,X
174,unccd_173,https://qcat.wocat.net/en/unccd/view/unccd_173,fr,
175,unccd_174,https://qcat.wocat.net/en/unccd/view/unccd_174,en,
176,unccd_175,https://qcat.wocat.net/en/unccd/view/unccd_175,en,
177,unccd_176,https://qcat.wocat.net/en/unccd/view/unccd_176,ar,
178,unccd_177,https://qcat.wocat.net/en/unccd/view/unccd_177,ar,X
179,unccd_178,https://qcat.wocat.net/en/unccd/view/unccd_178,fr,
180,unccd_179,https://qcat.wocat.net/en/unccd/view/unccd_179,fr,
181,unccd_180,https://qcat.wocat.net/en/unccd/view/unccd_180,fr,
182,unccd_181,https://qcat.wocat.net/en/unccd/view/unccd_181,en,X
183,unccd_182,https://qcat.wocat.net/en/unccd/view/unccd_182,en,X
184,unccd_183,https://qcat.wocat.net/en/unccd/view/unccd_183,es,
185,unccd_184,https://qcat.wocat.net/en/unccd/view/unccd_184,es,
186,unccd_185,https://qcat.wocat.net/en/unccd/view/unccd_185,es,
187,unccd_186,https://qcat.wocat.net/en/unccd/view/unccd_186,es,
188,unccd_187,https://qcat.wocat.net/en/unccd/view/unccd_187,es,
189,unccd_188,https://qcat.wocat.net/en/unccd/view/unccd_188,es,
190,unccd_189,https://qcat.wocat.net/en/unccd/view/unccd_189,es,
191,unccd_190,https://qcat.wocat.net/en/unccd/view/unccd_190,es,
192,unccd_191,https://qcat.wocat.net/en/unccd/view/unccd_191,es,
193,unccd_192,https://qcat.wocat.net/en/unccd/view/unccd_192,es,
194,unccd_193,https://qcat.wocat.net/en/unccd/view/unccd_193,es,
195,unccd_194,https://qcat.wocat.net/en/unccd/view/unccd_194,es,
196,unccd_195,https://qcat.wocat.net/en/unccd/view/unccd_195,es,
197,unccd_196,https://qcat.wocat.net/en/unccd/view/unccd_196,es,
198,unccd_197,https://qcat.wocat.net/en/unccd/view/unccd_197,es,
199,unccd_198,https://qcat.wocat.net/en/unccd/view/unccd_198,es,
200,unccd_199,https://qcat.wocat.net/en/unccd/view/unccd_199,es,
201,unccd_200,https://qcat.wocat.net/en/unccd/view/unccd_200,es,
202,unccd_201,https://qcat.wocat.net/en/unccd/view/unccd_201,es,
203,unccd_202,https://qcat.wocat.net/en/unccd/view/unccd_202,es,
204,unccd_203,https://qcat.wocat.net/en/unccd/view/unccd_203,es,
205,unccd_204,https://qcat.wocat.net/en/unccd/view/unccd_204,es,
206,unccd_205,https://qcat.wocat.net/en/unccd/view/unccd_205,es,
207,unccd_206,https://qcat.wocat.net/en/unccd/view/unccd_206,es,
208,unccd_207,https://qcat.wocat.net/en/unccd/view/unccd_207,es,
209,unccd_208,https://qcat.wocat.net/en/unccd/view/unccd_208,es,
210,unccd_209,https://qcat.wocat.net/en/unccd/view/unccd_209,es,
211,unccd_210,https://qcat.wocat.net/en/unccd/view/unccd_210,es,
212,unccd_211,https://qcat.wocat.net/en/unccd/view/unccd_211,es,
213,unccd_212,https://qcat.wocat.net/en/unccd/view/unccd_212,es,
214,unccd_213,https://qcat.wocat.net/en/unccd/view/unccd_213,es,
215,unccd_214,https://qcat.wocat.net/en/unccd/view/unccd_214,es,
216,unccd_215,https://qcat.wocat.net/en/unccd/view/unccd_215,es,
217,unccd_216,https://qcat.wocat.net/en/unccd/view/unccd_216,es,
218,unccd_217,https://qcat.wocat.net/en/unccd/view/unccd_217,es,
219,unccd_218,https://qcat.wocat.net/en/unccd/view/unccd_218,es,
220,unccd_219,https://qcat.wocat.net/en/unccd/view/unccd_219,es,
221,unccd_220,https://qcat.wocat.net/en/unccd/view/unccd_220,es,
222,unccd_221,https://qcat.wocat.net/en/unccd/view/unccd_221,es,
223,unccd_222,https://qcat.wocat.net/en/unccd/view/unccd_222,es,
224,unccd_223,https://qcat.wocat.net/en/unccd/view/unccd_223,fr,
225,unccd_224,https://qcat.wocat.net/en/unccd/view/unccd_224,en,
226,unccd_225,https://qcat.wocat.net/en/unccd/view/unccd_225,en,
227,unccd_226,https://qcat.wocat.net/en/unccd/view/unccd_226,en,
228,unccd_227,https://qcat.wocat.net/en/unccd/view/unccd_227,en,
229,unccd_228,https://qcat.wocat.net/en/unccd/view/unccd_228,en,
230,unccd_229,https://qcat.wocat.net/en/unccd/view/unccd_229,en,
231,unccd_230,https://qcat.wocat.net/en/unccd/view/unccd_230,en,
232,unccd_231,https://qcat.wocat.net/en/unccd/view/unccd_231,en,
233,unccd_232,https://qcat.wocat.net/en/unccd/view/unccd_232,en,
234,unccd_233,https://qcat.wocat.net/en/unccd/view/unccd_233,en,
235,unccd_234,https://qcat.wocat.net/en/unccd/view/unccd_234,en,
236,unccd_235,https://qcat.wocat.net/en/unccd/view/unccd_235,en,
237,unccd_236,https://qcat.wocat.net/en/unccd/view/unccd_236,en,
238,unccd_237,https://qcat.wocat.net/en/unccd/view/unccd_237,fr,
239,unccd_238,https://qcat.wocat.net/en/unccd/view/unccd_238,fr,
240,unccd_239,https://qcat.wocat.net/en/unccd/view/unccd_239,fr,
241,unccd_240,https://qcat.wocat.net/en/unccd/view/unccd_240,fr,
242,unccd_241,https://qcat.wocat.net/en/unccd/view/unccd_241,fr,
243,unccd_242,https://qcat.wocat.net/en/unccd/view/unccd_242,en,
244,unccd_243,https://qcat.wocat.net/en/unccd/view/unccd_243,en,X
245,unccd_244,https://qcat.wocat.net/en/unccd/view/unccd_244,ru,
246,unccd_245,https://qcat.wocat.net/en/unccd/view/unccd_245,ru,
247,unccd_246,https://qcat.wocat.net/en/unccd/view/unccd_246,fr,
248,unccd_247,https://qcat.wocat.net/en/unccd/view/unccd_247,fr,
249,unccd_248,https://qcat.wocat.net/en/unccd/view/unccd_248,en,X
250,unccd_249,https://qcat.wocat.net/en/unccd/view/unccd_249,en,
251,unccd_250,https://qcat.wocat.net/en/unccd/view/unccd_250,en,
252,unccd_251,https://qcat.wocat.net/en/unccd/view/unccd_251,fr,
253,unccd_252,https://qcat.wocat.net/en/unccd/view/unccd_252,en,
254,unccd_253,https://qcat.wocat.net/en/unccd/view/unccd_253,en,
255,unccd_254,https://qcat.wocat.net/en/unccd/view/unccd_254,en,
256,unccd_255,https://qcat.wocat.net/en/unccd/view/unccd_255,en,
257,unccd_256,https://qcat.wocat.net/en/unccd/view/unccd_256,en,
258,unccd_257,https://qcat.wocat.net/en/unccd/view/unccd_257,fr,X
259,unccd_258,https://qcat.wocat.net/en/unccd/view/unccd_258,fr,X
260,unccd_259,https://qcat.wocat.net/en/unccd/view/unccd_259,ru,
261,unccd_260,https://qcat.wocat.net/en/unccd/view/unccd_260,en,
262,unccd_261,https://qcat.wocat.net/en/unccd/view/unccd_261,es,
263,unccd_262,https://qcat.wocat.net/en/unccd/view/unccd_262,en,
264,unccd_263,https://qcat.wocat.net/en/unccd/view/unccd_263,es,
265,unccd_264,https://qcat.wocat.net/en/unccd/view/unccd_264,fr,
266,unccd_265,https://qcat.wocat.net/en/unccd/view/unccd_265,fr,X
267,unccd_266,https://qcat.wocat.net/en/unccd/view/unccd_266,en,
268,unccd_267,https://qcat.wocat.net/en/unccd/view/unccd_267,es,
269,unccd_268,https://qcat.wocat.net/en/unccd/view/unccd_268,es,
270,unccd_269,https://qcat.wocat.net/en/unccd/view/unccd_269,es,
271,unccd_270,https://qcat.wocat.net/en/unccd/view/unccd_270,es,
272,unccd_271,https://qcat.wocat.net/en/unccd/view/unccd_271,en,
273,unccd_272,https://qcat.wocat.net/en/unccd/view/unccd_272,en,
274,unccd_273,https://qcat.wocat.net/en/unccd/view/unccd_273,en,
275,unccd_274,https://qcat.wocat.net/en/unccd/view/unccd_274,en,
276,unccd_275,https://qcat.wocat.net/en/unccd/view/unccd_275,en,
277,unccd_276,https://qcat.wocat.net/en/unccd/view/unccd_276,en,
278,unccd_277,https://qcat.wocat.net/en/unccd/view/unccd_277,en,
279,unccd_278,https://qcat.wocat.net/en/unccd/view/unccd_278,en,X
280,unccd_279,https://qcat.wocat.net/en/unccd/view/unccd_279,ar,
281,unccd_280,https://qcat.wocat.net/en/unccd/view/unccd_280,ar,
282,unccd_281,https://qcat.wocat.net/en/unccd/view/unccd_281,ar,
283,unccd_282,https://qcat.wocat.net/en/unccd/view/unccd_282,ar,
284,unccd_283,https://qcat.wocat.net/en/unccd/view/unccd_283,ar,
285,unccd_284,https://qcat.wocat.net/en/unccd/view/unccd_284,ar,
286,unccd_285,https://qcat.wocat.net/en/unccd/view/unccd_285,ar,
287,unccd_286,https://qcat.wocat.net/en/unccd/view/unccd_286,ar,
288,unccd_287,https://qcat.wocat.net/en/unccd/view/unccd_287,ar,
289,unccd_288,https://qcat.wocat.net/en/unccd/view/unccd_288,ar,
290,unccd_289,https://qcat.wocat.net/en/unccd/view/unccd_289,ar,
291,unccd_290,https://qcat.wocat.net/en/unccd/view/unccd_290,ar,
292,unccd_291,https://qcat.wocat.net/en/unccd/view/unccd_291,ar,
293,unccd_292,https://qcat.wocat.net/en/unccd/view/unccd_292,ar,
294,unccd_293,https://qcat.wocat.net/en/unccd/view/unccd_293,ar,
295,unccd_294,https://qcat.wocat.net/en/unccd/view/unccd_294,ar,
296,unccd_295,https://qcat.wocat.net/en/unccd/view/unccd_295,ar,
297,unccd_296,https://qcat.wocat.net/en/unccd/view/unccd_296,ar,
298,unccd_297,https://qcat.wocat.net/en/unccd/view/unccd_297,ar,
299,unccd_298,https://qcat.wocat.net/en/unccd/view/unccd_298,ar,
300,unccd_299,https://qcat.wocat.net/en/unccd/view/unccd_299,ar,
301,unccd_300,https://qcat.wocat.net/en/unccd/view/unccd_300,en,
302,unccd_301,https://qcat.wocat.net/en/unccd/view/unccd_301,en,
303,unccd_302,https://qcat.wocat.net/en/unccd/view/unccd_302,fr,
304,unccd_303,https://qcat.wocat.net/en/unccd/view/unccd_303,fr,
305,unccd_304,https://qcat.wocat.net/en/unccd/view/unccd_304,fr,
306,unccd_305,https://qcat.wocat.net/en/unccd/view/unccd_305,fr,
307,unccd_306,https://qcat.wocat.net/en/unccd/view/unccd_306,fr,
308,unccd_307,https://qcat.wocat.net/en/unccd/view/unccd_307,es,
309,unccd_308,https://qcat.wocat.net/en/unccd/view/unccd_308,es,
310,unccd_309,https://qcat.wocat.net/en/unccd/view/unccd_309,es,
311,unccd_310,https://qcat.wocat.net/en/unccd/view/unccd_310,es,
312,unccd_311,https://qcat.wocat.net/en/unccd/view/unccd_311,es,
313,unccd_312,https://qcat.wocat.net/en/unccd/view/unccd_312,es,
314,unccd_313,https://qcat.wocat.net/en/unccd/view/unccd_313,en,
315,unccd_314,https://qcat.wocat.net/en/unccd/view/unccd_314,fr,
316,unccd_315,https://qcat.wocat.net/en/unccd/view/unccd_315,fr,
317,unccd_316,https://qcat.wocat.net/en/unccd/view/unccd_316,fr,
318,unccd_317,https://qcat.wocat.net/en/unccd/view/unccd_317,en,
319,unccd_318,https://qcat.wocat.net/en/unccd/view/unccd_318,en,
320,unccd_319,https://qcat.wocat.net/en/unccd/view/unccd_319,fr,
321,unccd_320,https://qcat.wocat.net/en/unccd/view/unccd_320,fr,
322,unccd_321,https://qcat.wocat.net/en/unccd/view/unccd_321,en,
323,unccd_322,https://qcat.wocat.net/en/unccd/view/unccd_322,fr,
324,unccd_323,https://qcat.wocat.net/en/unccd/view/unccd_323,fr,
325,unccd_324,https://qcat.wocat.net/en/unccd/view/unccd_324,fr,
326,unccd_325,https://qcat.wocat.net/en/unccd/view/unccd_325,fr,
327,unccd_326,https://qcat.wocat.net/en/unccd/view/unccd_326,fr,
328,unccd_327,https://qcat.wocat.net/en/unccd/view/unccd_327,fr,
329,unccd_328,https://qcat.wocat.net/en/unccd/view/unccd_328,fr,
330,unccd_329,https://qcat.wocat.net/en/unccd/view/unccd_329,en,
331,unccd_330,https://qcat.wocat.net/en/unccd/view/unccd_330,en,
332,unccd_331,https://qcat.wocat.net/en/unccd/view/unccd_331,en,
333,unccd_332,https://qcat.wocat.net/en/unccd/view/unccd_332,en,
334,unccd_333,https://qcat.wocat.net/en/unccd/view/unccd_333,en,
335,unccd_334,https://qcat.wocat.net/en/unccd/view/unccd_334,en,
336,unccd_335,https://qcat.wocat.net/en/unccd/view/unccd_335,en,
337,unccd_336,https://qcat.wocat.net/en/unccd/view/unccd_336,en,
338,unccd_337,https://qcat.wocat.net/en/unccd/view/unccd_337,en,
339,unccd_338,https://qcat.wocat.net/en/unccd/view/unccd_338,en,
340,unccd_339,https://qcat.wocat.net/en/unccd/view/unccd_339,en,
341,unccd_340,https://qcat.wocat.net/en/unccd/view/unccd_340,ru,
342,unccd_341,https://qcat.wocat.net/en/unccd/view/unccd_341,ru,
343,unccd_342,https://qcat.wocat.net/en/unccd/view/unccd_342,ru,
344,unccd_343,https://qcat.wocat.net/en/unccd/view/unccd_343,ru,
345,unccd_344,https://qcat.wocat.net/en/unccd/view/unccd_344,ru,
346,unccd_345,https://qcat.wocat.net/en/unccd/view/unccd_345,ru,
347,unccd_346,https://qcat.wocat.net/en/unccd/view/unccd_346,fr,
348,unccd_347,https://qcat.wocat.net/en/unccd/view/unccd_347,fr,
349,unccd_348,https://qcat.wocat.net/en/unccd/view/unccd_348,fr,
350,unccd_349,https://qcat.wocat.net/en/unccd/view/unccd_349,fr,
351,unccd_350,https://qcat.wocat.net/en/unccd/view/unccd_350,fr,
352,unccd_351,https://qcat.wocat.net/en/unccd/view/unccd_351,fr,
353,unccd_352,https://qcat.wocat.net/en/unccd/view/unccd_352,fr,
354,unccd_353,https://qcat.wocat.net/en/unccd/view/unccd_353,fr,
355,unccd_354,https://qcat.wocat.net/en/unccd/view/unccd_354,fr,
356,unccd_355,https://qcat.wocat.net/en/unccd/view/unccd_355,fr,
357,unccd_356,https://qcat.wocat.net/en/unccd/view/unccd_356,fr,
358,unccd_357,https://qcat.wocat.net/en/unccd/view/unccd_357,fr,
359,unccd_358,https://qcat.wocat.net/en/unccd/view/unccd_358,fr,
360,unccd_359,https://qcat.wocat.net/en/unccd/view/unccd_359,fr,
361,unccd_360,https://qcat.wocat.net/en/unccd/view/unccd_360,fr,
362,unccd_361,https://qcat.wocat.net/en/unccd/view/unccd_361,fr,
363,unccd_362,https://qcat.wocat.net/en/unccd/view/unccd_362,fr,
364,unccd_363,https://qcat.wocat.net/en/unccd/view/unccd_363,fr,
365,unccd_364,https://qcat.wocat.net/en/unccd/view/unccd_364,fr,
366,unccd_365,https://qcat.wocat.net/en/unccd/view/unccd_365,fr,
367,unccd_366,https://qcat.wocat.net/en/unccd/view/unccd_366,fr,
368,unccd_367,https://qcat.wocat.net/en/unccd/view/unccd_367,fr,
369,unccd_368,https://qcat.wocat.net/en/unccd/view/unccd_368,fr,
370,unccd_369,https://qcat.wocat.net/en/unccd/view/unccd_369,en,
371,unccd_370,https://qcat.wocat.net/en/unccd/view/unccd_370,en,
372,unccd_371,https://qcat.wocat.net/en/unccd/view/unccd_371,ru,
373,unccd_372,https://qcat.wocat.net/en/unccd/view/unccd_372,ru,
374,unccd_373,https://qcat.wocat.net/en/unccd/view/unccd_373,ru,
375,unccd_374,https://qcat.wocat.net/en/unccd/view/unccd_374,ru,
376,unccd_375,https://qcat.wocat.net/en/unccd/view/unccd_375,fr,
377,unccd_376,https://qcat.wocat.net/en/unccd/view/unccd_376,fr,
378,unccd_377,https://qcat.wocat.net/en/unccd/view/unccd_377,pt,
379,unccd_378,https://qcat.wocat.net/en/unccd/view/unccd_378,en,
380,unccd_379,https://qcat.wocat.net/en/unccd/view/unccd_379,en,
381,unccd_380,https://qcat.wocat.net/en/unccd/view/unccd_380,en,
382,unccd_381,https://qcat.wocat.net/en/unccd/view/unccd_381,en,
383,unccd_382,https://qcat.wocat.net/en/unccd/view/unccd_382,en,
384,unccd_383,https://qcat.wocat.net/en/unccd/view/unccd_383,en,
385,unccd_384,https://qcat.wocat.net/en/unccd/view/unccd_384,en,
386,unccd_385,https://qcat.wocat.net/en/unccd/view/unccd_385,en,
387,unccd_386,https://qcat.wocat.net/en/unccd/view/unccd_386,es,
388,unccd_387,https://qcat.wocat.net/en/unccd/view/unccd_387,es,
389,unccd_388,https://qcat.wocat.net/en/unccd/view/unccd_388,es,
390,unccd_389,https://qcat.wocat.net/en/unccd/view/unccd_389,es,
391,unccd_390,https://qcat.wocat.net/en/unccd/view/unccd_390,es,
392,unccd_391,https://qcat.wocat.net/en/unccd/view/unccd_391,es,
393,unccd_392,https://qcat.wocat.net/en/unccd/view/unccd_392,es,
394,unccd_393,https://qcat.wocat.net/en/unccd/view/unccd_393,es,
395,unccd_394,https://qcat.wocat.net/en/unccd/view/unccd_394,es,
396,unccd_395,https://qcat.wocat.net/en/unccd/view/unccd_395,es,
397,unccd_396,https://qcat.wocat.net/en/unccd/view/unccd_396,en,
398,unccd_397,https://qcat.wocat.net/en/unccd/view/unccd_397,en,
399,unccd_398,https://qcat.wocat.net/en/unccd/view/unccd_398,es,
400,unccd_399,https://qcat.wocat.net/en/unccd/view/unccd_399,fr,
401,unccd_400,https://qcat.wocat.net/en/unccd/view/unccd_400,fr,
402,unccd_401,https://qcat.wocat.net/en/unccd/view/unccd_401,en,
403,unccd_402,https://qcat.wocat.net/en/unccd/view/unccd_402,fr,
404,unccd_403,https://qcat.wocat.net/en/unccd/view/unccd_403,es,
405,unccd_404,https://qcat.wocat.net/en/unccd/view/unccd_404,es,
406,unccd_405,https://qcat.wocat.net/en/unccd/view/unccd_405,es,
407,unccd_406,https://qcat.wocat.net/en/unccd/view/unccd_406,es,
408,unccd_407,https://qcat.wocat.net/en/unccd/view/unccd_407,es,
409,unccd_408,https://qcat.wocat.net/en/unccd/view/unccd_408,es,
410,unccd_409,https://qcat.wocat.net/en/unccd/view/unccd_409,es,
411,unccd_410,https://qcat.wocat.net/en/unccd/view/unccd_410,es,
412,unccd_411,https://qcat.wocat.net/en/unccd/view/unccd_411,es,
413,unccd_412,https://qcat.wocat.net/en/unccd/view/unccd_412,es,
414,unccd_413,https://qcat.wocat.net/en/unccd/view/unccd_413,es,
415,unccd_414,https://qcat.wocat.net/en/unccd/view/unccd_414,es,
416,unccd_415,https://qcat.wocat.net/en/unccd/view/unccd_415,es,
417,unccd_416,https://qcat.wocat.net/en/unccd/view/unccd_416,es,
418,unccd_417,https://qcat.wocat.net/en/unccd/view/unccd_417,es,
419,unccd_418,https://qcat.wocat.net/en/unccd/view/unccd_418,es,
420,unccd_419,https://qcat.wocat.net/en/unccd/view/unccd_419,es,
421,unccd_420,https://qcat.wocat.net/en/unccd/view/unccd_420,es,
422,unccd_421,https://qcat.wocat.net/en/unccd/view/unccd_421,es,
423,unccd_422,https://qcat.wocat.net/en/unccd/view/unccd_422,es,
424,unccd_423,https://qcat.wocat.net/en/unccd/view/unccd_423,es,
425,unccd_424,https://qcat.wocat.net/en/unccd/view/unccd_424,es,
426,unccd_425,https://qcat.wocat.net/en/unccd/view/unccd_425,es,
427,unccd_426,https://qcat.wocat.net/en/unccd/view/unccd_426,es,
428,unccd_427,https://qcat.wocat.net/en/unccd/view/unccd_427,es,
429,unccd_428,https://qcat.wocat.net/en/unccd/view/unccd_428,es,
430,unccd_429,https://qcat.wocat.net/en/unccd/view/unccd_429,es,
431,unccd_430,https://qcat.wocat.net/en/unccd/view/unccd_430,es,
432,unccd_431,https://qcat.wocat.net/en/unccd/view/unccd_431,es,
433,unccd_432,https://qcat.wocat.net/en/unccd/view/unccd_432,es,
434,unccd_433,https://qcat.wocat.net/en/unccd/view/unccd_433,es,
435,unccd_434,https://qcat.wocat.net/en/unccd/view/unccd_434,es,
436,unccd_435,https://qcat.wocat.net/en/unccd/view/unccd_435,es,
437,unccd_436,https://qcat.wocat.net/en/unccd/view/unccd_436,es,
438,unccd_437,https://qcat.wocat.net/en/unccd/view/unccd_437,es,
439,unccd_438,https://qcat.wocat.net/en/unccd/view/unccd_438,es,
440,unccd_439,https://qcat.wocat.net/en/unccd/view/unccd_439,es,
441,unccd_440,https://qcat.wocat.net/en/unccd/view/unccd_440,es,
442,unccd_441,https://qcat.wocat.net/en/unccd/view/unccd_441,es,
443,unccd_442,https://qcat.wocat.net/en/unccd/view/unccd_442,es,
444,unccd_443,https://qcat.wocat.net/en/unccd/view/unccd_443,es,
445,unccd_444,https://qcat.wocat.net/en/unccd/view/unccd_444,es,
446,unccd_445,https://qcat.wocat.net/en/unccd/view/unccd_445,es,
447,unccd_446,https://qcat.wocat.net/en/unccd/view/unccd_446,es,
448,unccd_447,https://qcat.wocat.net/en/unccd/view/unccd_447,es,
449,unccd_448,https://qcat.wocat.net/en/unccd/view/unccd_448,es,
450,unccd_449,https://qcat.wocat.net/en/unccd/view/unccd_449,es,
451,unccd_450,https://qcat.wocat.net/en/unccd/view/unccd_450,es,
452,unccd_451,https://qcat.wocat.net/en/unccd/view/unccd_451,es,
453,unccd_452,https://qcat.wocat.net/en/unccd/view/unccd_452,es,
454,unccd_453,https://qcat.wocat.net/en/unccd/view/unccd_453,es,
455,unccd_454,https://qcat.wocat.net/en/unccd/view/unccd_454,es,
456,unccd_455,https://qcat.wocat.net/en/unccd/view/unccd_455,es,
457,unccd_456,https://qcat.wocat.net/en/unccd/view/unccd_456,en,
458,unccd_457,https://qcat.wocat.net/en/unccd/view/unccd_457,en,
459,unccd_458,https://qcat.wocat.net/en/unccd/view/unccd_458,en,
460,unccd_459,https://qcat.wocat.net/en/unccd/view/unccd_459,en,
461,unccd_460,https://qcat.wocat.net/en/unccd/view/unccd_460,en,
462,unccd_461,https://qcat.wocat.net/en/unccd/view/unccd_461,en,
463,unccd_462,https://qcat.wocat.net/en/unccd/view/unccd_462,en,
464,unccd_463,https://qcat.wocat.net/en/unccd/view/unccd_463,en,
465,unccd_464,https://qcat.wocat.net/en/unccd/view/unccd_464,en,
466,unccd_465,https://qcat.wocat.net/en/unccd/view/unccd_465,en,
467,unccd_466,https://qcat.wocat.net/en/unccd/view/unccd_466,en,
468,unccd_467,https://qcat.wocat.net/en/unccd/view/unccd_467,en,
469,unccd_468,https://qcat.wocat.net/en/unccd/view/unccd_468,en,
470,unccd_469,https://qcat.wocat.net/en/unccd/view/unccd_469,en,
471,unccd_470,https://qcat.wocat.net/en/unccd/view/unccd_470,en,
472,unccd_471,https://qcat.wocat.net/en/unccd/view/unccd_471,en,
473,unccd_472,https://qcat.wocat.net/en/unccd/view/unccd_472,fr,
474,unccd_473,https://qcat.wocat.net/en/unccd/view/unccd_473,fr,
475,unccd_474,https://qcat.wocat.net/en/unccd/view/unccd_474,es,X
476,unccd_475,https://qcat.wocat.net/en/unccd/view/unccd_475,fr,
477,unccd_476,https://qcat.wocat.net/en/unccd/view/unccd_476,fr,
478,unccd_477,https://qcat.wocat.net/en/unccd/view/unccd_477,fr,
479,unccd_478,https://qcat.wocat.net/en/unccd/view/unccd_478,fr,
480,unccd_479,https://qcat.wocat.net/en/unccd/view/unccd_479,fr,
481,unccd_480,https://qcat.wocat.net/en/unccd/view/unccd_480,ru,
